{"cameraMode":{"drawMode":0,"name":"Shaded","section":"Shading Mode"},"sceneLighting":true,"audioPlay":false,"sceneViewState":{"showFog":true,"showMaterialUpdate":false,"showSkybox":true,"showFlares":true,"showImageEffects":true,"showParticleSystems":true},"in2DMode":false,"pivot":{"x":1.9223761558532715,"y":1.9220627546310425,"z":-1.869532823562622},"rotation":{"x":-0.053690068423748019,"y":0.9461590647697449,"z":-0.21686087548732758,"w":-0.23424950242042542},"size":26.828685760498048,"orthographic":false}